Centros Especializado;Tipo de Unidade;CNES;Endereço;Número;CEP;Região Administrativa;Região de Saúde;Macrorregião de Saúde
CEPAV - FLOR DE LÓTUS;CEPAV - Centro de Especialidade para Atenção às Pessoas em Situação de Violência Sexual, Familiar e Doméstica;0904716;Policlínica de Ceilândia - QNN 27 Area Especial;1;72215170;Ceilândia;Oeste;Macrorregião 1
CEPAV - GARDÊNIA;CEPAV - Centro de Especialidade para Atenção às Pessoas em Situação de Violência Sexual, Familiar e Doméstica;0877220;HRG - Setor Central, EQ 47/49;S/N;72405901;Gama;Sul;Macrorregião 2
CEPAV - PRIMAVERA;CEPAV - Centro de Especialidade para Atenção às Pessoas em Situação de Violência Sexual, Familiar e Doméstica;0659398;HRGu - Area Especial QI 6;6;71010006;Guará;Centro-Sul;Macrorregião 2
CEPAV - GIRASSOL;CEPAV - Centro de Especialidade para Atenção às Pessoas em Situação de Violência Sexual, Familiar e Doméstica;0253805;HRL - QD 02 Conjunto K, Lote 1;1;71570903;Paranoá;Leste;Macrorregião 3
CEPAV - FLOR DE LIS;CEPAV - Centro de Especialidade para Atenção às Pessoas em Situação de Violência Sexual, Familiar e Doméstica;0658359;HRP - Avenida W L, Area Especial,  04;S/N;73310000;Planaltina;Norte;Macrorregião 3
CEPAV - VIOLETA;CEPAV - Centro de Especialidade para Atenção às Pessoas em Situação de Violência Sexual, Familiar e Doméstica;;HMIB - AV L2 Sul Quadra 608 Modulo A;2;70203900;Plano Piloto;Central;Macrorregião 2
CEPAV - MARGARIDA;CEPAV - Centro de Especialidade para Atenção às Pessoas em Situação de Violência Sexual, Familiar e Doméstica;;HRAN - Setor Médico Hospitalar Norte - Asa Norte;Quadra 1;70710100;Plano Piloto;Central;Macrorregião 2
CEPAV - FLOR DO CERRADO;CEPAV - Centro de Especialidade para Atenção às Pessoas em Situação de Violência Sexual, Familiar e Doméstica;0874523;HRSM - AC 102;S/N;72502100;Santa Maria;Sul;Macrorregião 2
CEPAV - ORQUÍDEA;CEPAV - Centro de Especialidade para Atenção às Pessoas em Situação de Violência Sexual, Familiar e Doméstica;0769045;HRSAM - QS 614, Conjunto C;12;72322583;Samambaia;Sudoeste;Macrorregião 1
CEPAV - SEMPRE-VIVA;CEPAV - Centro de Especialidade para Atenção às Pessoas em Situação de Violência Sexual, Familiar e Doméstica;0658286;HRS - Quadra 12 Area Reservada;1;73020412;Sobradinho;Norte;Macrorregião 3
CEPAV - AZALEIA;CEPAV - Centro de Especialidade para Atenção às Pessoas em Situação de Violência Sexual, Familiar e Doméstica;0769002;HRT - Setor C Norte, Areá Especial, Taguatinga Norte;24;72120970;Taguatinga;Sudoeste;Macrorregião 1
CEPAV - ALFAZEMA;CEPAV - Centro de Especialidade para Atenção às Pessoas em Situação de Violência Sexual, Familiar e Doméstica;;UBS 2 Núcleo Bandeirante - Rua 02 Area Especial Entre Lote 01/02;S/N;71730000;Núcleo Bandeirante;Centro-Sul;Macrorregião 2
CEPAV - TULIPA;CEPAV - Centro de Especialidade para Atenção às Pessoas em Situação de Violência Sexual, Familiar e Doméstica;0253812;UBS 1 São Sebastião - Centro De Multiplas Atividades Conj 10;10;71691047;São Sebastião;Leste;Macrorregião 3
CEPAV - CALIANDRA;CEPAV - Centro de Especialidade para Atenção às Pessoas em Situação de Violência Sexual, Familiar e Doméstica;;Adolescentro - SGAS II SGAS 605;33/34;70200650;Plano Piloto;Central;Macrorregião 2
CEPAV - JASMIM;CEPAV - Centro de Especialidade para Atenção às Pessoas em Situação de Violência Sexual, Familiar e Doméstica;;COMPP - SMHN Quadra, Bloco B;501;70710907;Plano Piloto;Central;Macrorregião 2
CEDOH - Centro Especializado em Diabetes, Obesidade e Hipertensão arterial;CEDOH - Centro Especializado em Diabetes, Obesidade e Hipertensão arterial;;EQN 208/408 Asa Norte Brasília;208/408;70853450;Plano Piloto;Central;Macrorregião 2
CESMU - Centro especializado em saúde da mulher;CESMU - Centro especializado em saúde da mulher;;QS 514/515 – W3 Sul;514/515;70380550;Plano Piloto;Central;Macrorregião 2
CER II Taguatinga - Centro Especializado em Reabilitação;CER II - Centro Especializado em Reabilitação;;Área especial 16, Taguatinga Norte;S/N;72116-900;Taguatinga;Sudoeste;Macrorregião 1
CER II Hospital de Apoio - Centro Especializado em Reabilitação;CER II - Centro Especializado em Reabilitação;;AENW 03, lote A Setor Noroeste;S/N;70984831;Plano Piloto;Central;Macrorregião 2
CEDHIC - Centro Especializado em Diabetes, Hipertensão e Insuficiência Cardíaca;CEDHIC - Centro Especializado em Diabetes, Hipertensão e Insuficiência Cardíaca;;QI 06, Área Especial-Guará I.  Hospital do Guará;S/N;71010006;Guará;Centro-Sul;Macrorregião 2
Ambulatório de Diversidade de Gênero – Ambulatório TRANS;Ambulatório de Diversidade de Gênero – Ambulatório TRANS;;EQS SUL 508 509, Asa Sul;508/509;70351580;Plano Piloto;Central;Macrorregião 2
CER II – CEAL-LP - Atendimento Ambulatorial Especializado em Reabilitação Auditiva, Intelectual e transtorno do espectro do autismo;CER II - Centro Especializado em Reabilitação;;SGAN 909 Módulo B – Asa Norte;909;70790090;Plano Piloto;Central;Macrorregião 2
CEPAV - JARDIM;CEPAV - Centro de Especialidade para Atenção às Pessoas em Situação de Violência Sexual, Familiar e Doméstica;;HRAN -1º Andar, Sala 04.;SMHN Q2;70710100;Plano Piloto;Central;Macrorregião 2
CEPAV - ALEGRIM;CEPAV - Centro de Especialidade para Atenção às Pessoas em Situação de Violência Sexual, Familiar e Doméstica;;HRAN -1º Andar, Sala 04.;SMHN Q2;70710100;Plano Piloto;Central;Macrorregião 2
CEPAV - AMARÍLIS;CEPAV - Centro de Especialidade para Atenção às Pessoas em Situação de Violência Sexual, Familiar e Doméstica;;"Qd 104 105 area especial lote, 25
AREA HOSPITALAR";25;72300419;Recanto das Emas;Sudoeste;Macrorregião 1
CEO Hospital Regional Leste (HRL);CEO - Centros de Especialidades Odontológicas;;Área Especial Hospitalar, Quadra 2, Conjunto K, Lote 1;1;71570050;Paranoá;Leste;Macrorregião 3
CEO Hospital Regional de Planaltina (HRPL);CEO - Centros de Especialidades Odontológicas;;Avenida WL4 – Área Especial – Setor Hospitalar;S/N;73310000;Planaltina;Norte;Macrorregião 3
CEO Hospital Regional de Sobradinho (HRS);CEO - Centros de Especialidades Odontológicas;;Quadra 12 Conjunto B Lote 38;38;73010120;Sobradinho;Norte;Macrorregião 3
CEO Hospital Regional da Asa Norte (HRAN);CEO - Centros de Especialidades Odontológicas;;SMHN Quadra 101 Bloco A Área Especial;S/N;70710905;Plano Piloto;Central;Macrorregião 2
CEO Hospital Materno Infantil de Brasília (HMIB);CEO - Centros de Especialidades Odontológicas;;L2 SUL Quadra 608 Módulo A – Asa Sul;S/N;70203900;Plano Piloto;Central;Macrorregião 2
CEO 712/912 SUL;CEO - Centros de Especialidades Odontológicas;;SEPS Quadra 712/912 Sul – Asa Sul;S/N;70390125;Plano Piloto;Central;Macrorregião 2
CEO Hospital Regional do Guará (HRGu);CEO - Centros de Especialidades Odontológicas;;QI 06, Lote C s/n, Área Especial – Guará I;S/N;7101006;Guará;Centro-Sul;Macrorregião 2
CEO Hospital Regional do Gama (HRG);CEO - Centros de Especialidades Odontológicas;;Área Especial nº 1 – Setor Central – Gama;1;72405901;Gama;Sul;Macrorregião 3
CEO Hospital Regional de Santa Maria (HRSM);CEO - Centros de Especialidades Odontológicas;;Quadra AC 102, Conjuntos A a D, s/nº – Santa Maria;S/N;72502100;Santa Maria;Sul;Macrorregião 3
CEO Unidade Mista de Taguatinga (UMST);CEO - Centros de Especialidades Odontológicas;;C 12 Área Especial nº 01, Setor Central;1;72010120;Taguatinga;Sudoeste;Macrorregião 1
CEO Hospital Regional de Taguatinga (HRT);CEO - Centros de Especialidades Odontológicas;;QNC – Área Especial nº 24 – Taguatinga;24;72120970;Taguatinga;Sudoeste;Macrorregião 1
CEO Hospital Regional da Ceilândia (HRC);CEO - Centros de Especialidades Odontológicas;;QNM 27 Área Especial 1 QNM 28 – Ceilândia;1;72215270;Ceilândia;Oeste;Macrorregião 1
CEO Unidade Básica de Saúde nº 11 de Ceilândia;CEO - Centros de Especialidades Odontológicas;;Expansão do Setor O QNO 17 – Ceilândia;S/N;72260744;Ceilândia;Oeste;Macrorregião 1
CEDIN - Centro Especializado em Doenças Infecciosas;CEDIN - Centro Especializado em Doenças Infecciosas;;EQS SUL 508 509, Asa Sul;508/509;70351580;Plano Piloto;Central;Macrorregião 2
CADH - Centro de Atenção ao Diabetes e hipertensão Adulto e CADHIN Infantil;CADH - Centro de Atenção ao Diabetes e hipertensão Adulto e CADHIN Infantil;;Hospital da Região Leste, no Paranoá.   Q 2 – Paranoá;S/N;71570903;Paranoá;Leste;Macrorregião 3
